sparsity,MSE,PSNR
0.2,0.11363491953781228,9.444881912287203
0.4,0.08955566237140271,10.479069496372764
0.6,0.0810153074569394,10.914329154918134
