sigma,MSE,PSNR
0.05,0.006834933048343436,21.652657352113618
0.1,0.012654288696841048,18.97762261704372
0.2,0.033898396199754405,14.698208486427404
