metric,mean,std
rmse,0.9376529369758554,0.00024289897261300263
mae,0.7570458657217791,0.0027210754804268523
psnr,12.600357693989787,0.0022499543621083925
seed,2.0,1.5811388300841898
