rmse,mae,psnr,seed
0.9374416338993391,0.7566405710447723,12.602315074340753,0
0.9374158010499312,0.7569854590690106,12.602554432571225,1
0.9377170225552928,0.752914758890636,12.599763828362551,2
0.9376760774964132,0.75839092619751,12.600143102726628,3
0.9380141498783009,0.7602976134069664,12.59701203194778,4
