metric,mean,std
rmse,0.9895684966344611,4.067952976171152e-07
mae,0.8063413832434889,2.031863078219553e-06
psnr,12.132282609005056,3.5706254861768957e-06
seed,2.0,1.5811388300841898
